{"cameraMode":{"drawMode":0,"name":"Shaded","section":"Shading Mode"},"sceneLighting":true,"audioPlay":false,"sceneViewState":{"showFog":true,"showMaterialUpdate":true,"showSkybox":true,"showFlares":true,"showImageEffects":true,"showParticleSystems":true},"in2DMode":false,"pivot":{"x":250.0,"y":28.080974578857423,"z":250.00003051757813},"rotation":{"x":-0.2635289132595062,"y":-0.3599720001220703,"z":0.10675801336765289,"w":-0.888580858707428},"size":354.6668395996094,"orthographic":false}